name,category
0000010c,generic
00000364a,generic
00004345a,generic
00004365a,generic
0000c,generic
000c00c,generic
00024360b,generic
00a182df27a,generic
00ca447a,generic
00da1ddef,generic
00f98b888e,generic
01280c7e,generic
01404160b,generic
014840e03a,generic
0150cfe,generic
0160c,generic
018000e,generic
01abdfb,generic
01c24160ba,generic
01c44220b,generic
01cc,generic
01e04260b,generic
0251ceb8a,generic
029de,generic
02a2a6f0cd,generic
039bca,generic
03a20c,generic
03b399dd,generic
03bcd3b0302a,generic
03d33d,generic
040040c,generic
0400448c,generic
0400c,generic
04379efeb8eb,generic
0443bad,generic
045fde9f,generic
047d1b8,generic
0494f7db,generic
04bc68f,generic
04ccdc,generic
050004e,generic
0500b4e,generic
053ffbcdfd,generic
052c83af,generic
054000e,generic
054b,generic
05a58cce9b0e,generic
05ed81d5a90c,generic
060004e,generic
06092ed,generic
0635ad,generic
063b37d,generic
066ff79a,generic
067077f0bfc,generic
06b58a,generic
06e31cf,generic
06e31cfa,generic
06e3282b,generic
073714cf,generic
073714d,generic
078b017c,generic
078b0d,generic
07b67a,generic
08000460a,generic
0800800c,generic
080c,generic
084e9d6178dd,generic
088b6a,generic
088cccae3d2b,generic
0894cd8b,generic
08ba381fc8db,generic
08f72d23ac,generic
091ac1189e,generic
092ee,generic
092f09d,generic
0930438a7c,generic
0961438a7c,generic
0982e68d,generic
09aefb037ad,generic
09ef03b,generic
0a462c9e087b,generic
0a7ee,generic
0ad2c,generic
0b1aaa3749cb,generic
0b26c,generic
0b7ae,generic
0bcce5d,generic
0c22d0f,generic
0c2bakeflgpi,generic
0c5a16ba,generic
0c5eb3b,generic
0c76937e,generic
0ccac0d,generic
0ccad5d,generic
0cd2e14d,generic
0d0fa,generic
0d1da52a,generic
0d532c3c,generic
0d6ccacb23b,generic
0d765b7e,generic
0de1587b95c,generic
0e7718f,generic
0f0037cb,generic
0f21fc,generic
0fa98ad,generic
0f0b1b,generic
0m0auuuwqqob,generic
0y0arvtavkbh,generic
0ywavpnlo7lan,generic
0z4aa0yfgtni,generic
0z5aa0yfgtni,generic
10009fce,generic
106051d57a,generic
1096ee1b,generic
10a0a2e,generic
10xx,generic
1114e6f,generic
116ab,generic
11c7c57e,generic
11fa0edb,generic
1201a6ce3f,generic
123a1de,generic
128576ea,generic
12897e,generic
1325f1b4498c,generic
136fa,generic
137f,generic
13d63b,generic
13e042314b,generic
14abdb93b,generic
14a9b69c,generic
14fdbe3b,generic
1505e3a,generic
1515b18,generic
15c15bfb,generic
158d00,generic
16da,generic
17vee,generic
184fd,generic
1942e3a,generic
1a34654b,generic
1acb645b29d,generic
1c36549a,generic
1e0edaade69b,generic
1ecfe397577d,generic
1f14eb7cf6b,generic
1m0auan9mbbb,generic
1owfaanezsai,generic
1tbab,generic
1twanjgwbdob,generic
1z1au4p5vi,generic
1z4aac1yx3f,generic
20187cfa,generic
2136f,generic
21eebac,generic
22b165d3edf,generic
2345c,generic
24146ca,generic
2421e,generic
245e593a,generic
247be,generic
248e008be,generic
249636cd,generic
277c3cd,generic
27e3d6,generic
28e7301d,generic
2909edae0c1e,generic
2914c4cf,generic
2a5f,generic
2b28d4,generic
2c206e,generic
2cc6f26fceb,generic
2d02a57673b,generic
2d90e5db,generic
2dbaf80b,generic
2deec,generic
2e909f,generic
2ecd8c,generic
2f64,generic
2mfkaujfydrgj,generic
2nuaaisivajl,generic
2yavavxvcpoan,generic
2ywbbipx8k,generic
2zwaack7uc,generic
302cbf,generic
309c701e,generic
312c458f,generic
31de544,generic
32a408cbcc,generic
34cc,generic
3442f,generic
351faaae,generic
353fd,generic
355c7cfd,generic
35b5cb9003fc,generic
35cd76,generic
3625a3126f,generic
372d757c08b,generic
375b2de2ba,generic
37cbd93f4d,generic
38b660d,generic
38eb,generic
39289eb,generic
39e1152c,generic
39e4dd,generic
3b3a4ef520e,generic
Aggsvffi,generic
Aggxrook,generic
Agrtwexf,generic
Agufpxbi,generic
Agvzpfpj,generic
Agwizsmq,generic
Agzz8qk,generic
Ahdj,generic
Ahkdldr,generic
Ahkinfosteal,generic
Ahkm,generic
Ahpz,generic
Ai0c7qkk,generic
Ai0famlg9ybi,generic
Ai50vwei,generic
Ai6wwaoi,generic
Ai8v93go,generic
Aic414ig,generic
Aicmwwab,generic
Aiedxcdzr,generic
Aieqr9ei,generic
Aifdxmrdrami,generic
Aifpv1ak,generic
Aig8zwao,generic
Aigea8m91cj,generic
Aigeaqdyqtc,generic
Aiheamcfuji,generic
Aiiwojpj,generic
Ailkqbli,generic
Aimheiji,generic
Ainwiami,generic
Aip4fdli,generic
Aiplay,generic
Aiweawdegcm,generic
Aiwtt,generic
Aixih,generic
Aixkvpfi,generic
Aizaivni,generic
Ajfik,generic
Ajlof,generic
Ajmb,generic
Ajvr,generic
Ajwaataoxgjl,generic
Ak6soafi,generic
Ak8yzpci,generic
Akdyhlji,generic
Akep1uai,generic
Akfg,generic
Akgbadfj,generic
Akge,generic
Akhiaxji,generic
Akipwaij,generic
Akjo2ecp,generic
Akjfakjq,generic
Akjtgehi,generic
Akkkxmib,generic
Akm09iei,generic
Am0apjb7utfb,generic
Am0vc,generic
Am8oh0ji,generic
Amaaa,generic
Amag,generic
Amaax,generic
Amai,generic
Amamax,generic
Amb24rgi,generic
Ambb,generic
Ambbc,generic
Ambd,generic
Ambe,generic
Ambg,generic
Ambm,generic
Ambx,generic
Amby,generic
Amca,generic
Amcc,generic
Amcrgzmoib,generic
Amcy,generic
Amdb,generic
Amdizcmi,generic
Amdk,generic
Ameo,generic
Amer,generic
Amfbn6fi,generic
Amfcb0ki,generic
Amfq,generic
Amfws,generic
Amgfa0tn7wf,generic
Amgfa1uadj,generic
Amgfaomhk2uf,generic
Amgfaomrmmpd,generic
Amgfas6wjmp,generic
Amgfbbk2wsj,generic
Amgfbuwbo5g,generic
Amgfrhrbjvkcu,generic
Amgfrj7ymelcu,generic
Amgfrlufjrocu,generic
Amgfx9bkfzm,generic
Amgfx9bkfzm,generic
Amgfx92s26e,generic
Amgfxdurlrg,generic
Amgfxidqe4e,generic
Amgfxicrmd,generic
Amgm,generic
Amgn,generic
Amgy,generic
Amgw,generic
Amhf,generic
Amkfa0xlueai,generic
Amkfbo1gedi,generic
Amkfrhfloukejf,generic
Amkq0gci,generic
Amks5ow,generic
Amkw,generic
Amlg,generic
Ammc,generic
Ammr,generic
Ammuwahg,generic
Amna,generic
Amnegihi,generic
Amnh,generic
Amnj,generic
Amnp,generic
Amnt,generic
Amnycyci,generic
Amokeji,generic
Amokjoiner,generic
Ampc,generic
Ampdbexvm4c,generic
Ampe,generic
Ampfyafyjt,generic
Amphitryon,generic
Ampx,generic
Amrb,generic
Amrrmiphk,generic
Amss,generic
Amtl,generic
Amtrt1mg,generic
Amuabawno75jb,generic
Amw8acfb,generic
Bixaakyk6hd,generic
Bixaamthyjd,generic
Bixaaozw8zj,generic
Bixfaihp11c,generic
Bjsjrz,generic
Bkclient,generic
Bkdr,generic
Bkff,generic
CmhfbOdjjec,generic
Cmhfb0fSjfm,generic
Cmhfb0h,generic
CmhfbOjjdle,generic
Cmbhfb0jr45m,generic
Cmhfb0k6mwk,generic
Cmhfb0kehve,generic
Cmhfb0I8kbe,generic
CmhfbOmrf,generic
CmhfbOnb,generic
Cmhfb0o0d4jp,generic
Cmhfb0oeaol,generic
CmhfbOqfi4b,generic
CmhfbOrknij,generic
CmhfbOsguuo,generic
CmhfbOxmbnm,generic
Cmhfb0y2zhm,generic
Cmhfb40l0vg,generic
Cmhfb41ii2c,generic
Cmhfb42icrc,generic
Cmhfb43lagk,generic
Cmhfb46jdsj,generic
Cmhfb48fedb,generic
Cmhfb4agq2k,generic
Cmhfb4bp4np,generic
Cmhfb4cc59p,generic
Cmhfb4ccl9p,generic
Cmhfb4d5bcl,generic
Cmhfb4djsqk,generic
Cmhfb4dmxcb,generic
Cmhfb4gc3r,generic
Cmhfb4gghsn,generic
Cmhfb4ibasn,generic
Cmhfb4ndaad,generic
Cmhfb4nu8wn,generic
Cmhfb4nwbw,generic
Cmhfb4nxjdd,generic
Cmbhfb4p3ujn,generic
Cmhfb4pjkyd,generic
Cmhfb4glo,generic
Cmhfb4grhbp,generic
Cmhfb4rebyn,generic
Cmhfb4sleme,generic
Cmhfb4u3cen,generic
Cmhfb4ucyin,generic
Cmhfb4w,generic
Cmhfb4wia2n,generic
Cmhfb4wnwkp,generic
Cmhfb4wvpb,generic
Cmhfb4x62ve,generic
Cmhfb4z7xuc,generic
Cmhfb4zwghn,generic
Cmhfb80t8fm,generic
Cmhfb818iyd,generic
Cmhfb88di7d,generic
Cmhfb8cqiw,generic
Cmbhfb8cvkdg,generic
Cmhfb8d42vp,generic
Cmhfb8dqm7c,generic
Cmhfb8ep5qf,generic
Cmhfb8fat8g,generic
Cmhfb8fbyqp,generic
Cmhfb8k0q4j,generic
Cmhfb8klrih,generic
Cmhfb8letei,generic
Cmhfb8nbkgd,generic
Cmhfb8primj,generic
Cmhfb8sk5ne,generic
Cmhfb8tazvk,generic
Cmhfb8tggrj,generic
Cmhfb8ujsnm,generic
Cmhfb8unq,generic
Cmhfb8w88s,generic
Cmhfb8xlw,generic
Cmhfba679yj,generic
Cmhfba9jaho,generic
Cmhfbac3ixd,generic
Cmhfbad4y3i,generic
Cmhfbadc7Il,generic
Cmhfbadjpwj,generic
Cmhfbaeo80i,generic
Cmhfbafsasd,generic
Cmhfbahadrp,generic
Cmbhfbaikz50,generic
Cmhfbaio5gl,generic
Cmbhfbakntce,generic
Cmbhfbaliz0p,generic
Cmhfbalkpzh,generic
Cmhfbar98db,generic
Cmhfbarb9sm,generic
Cmhfbas46uj,generic
Cmhfbatla6c,generic
Cmhfbatzw2b,generic
Cmhfbaumf0c,generic
Cmhfbavivai,generic
Cmhfbaybkai,generic
CmhfbcSilzm,generic
Cmhfbcamawf,generic
Cmhfbcbrvrk,generic
Cmhfbcdo2xb,generic
Cmhfbcdsofm,generic
Cmbhfbcefilm,generic
Cmhfbchbxil,generic
Cmhfbchiphe,generic
CmbhfbciShkj,generic
Cmhfbcjv,generic
Cmhfbckc050,generic
Cmhfbclgo20,generic
Cmhfbcpwqco,generic
Cmhfbcpzrpo,generic
Cmhfbcrlbrd,generic
Cmhfbcrmrcd,generic
Cmhfbcryeem,generic
Cmhfbcszvsj,generic
Cmhfbctr0fe,generic
Cmhfbcujupg,generic
Cmbhfbcvaz9f,generic
Cmhfbewctzi,generic
Cmhfbcxfegm,generic
Cmhfbcxsjbg,generic
Cmhfbcxu0hm,generic
Cmhfbe2usen,generic
Cmhfbe3sx5g,generic
Cmhfbe40zso,generic
Cmhfbe76xlb,generic
Cmhfbe9iitc,generic
Cmbhfbe9jx2j,generic
Cmhfbecgcgo,generic
Cmhfbediiqd,generic
Cmhfbeefxeh,generic
Cmhfbeeruhp,generic
Cmhfbegl0nb,generic
Cmhfbejlo0b,generic
Cmhfbek3ele,generic
Blckwormcreator,generic
BmOfsid1xpmb,generic
BmOfsyslfsgb,generic
Bm4facjlqphb,generic
Bmaiaczfeto,generic
Bmcaak5se,generic
Bmgfacuousl,generic
Bmgfagis6mf,generic
Bmgfao2i9nl,generic
Bmgfao5j9rgb,generic
Bmgfaquthdg,generic
Bmgfauimfji,generic
Bmgfb0ivisk,generic
Bmgfbut2,generic
Dmgfbwv7n7f,generic
Dmbhfbuksl7ni,generic
Dmjfa0a48fd,generic
Dmkfacio66nc,generic
Dmkfaqd4fddb,generic
Dmkfdcglsbig,generic
Dmkfxmcteri,generic
Dmmfayomf0mb,generic
Dmmfbiveekib,generic
Dmnfa0ogdrbi,generic
Dmnfsmb55akb,generic
Dmgaa8ny,generic
Dmxaawk4kdg,generic
Dmzi,generic
Dnetdrp,generic
DngfaObev4ki,generic
DngfaObybipi,generic
Dngfa4ozlhci,generic
Dngfa4rn6eji,generic
Dngfa4tgwjii,generic
Dngfacmmmjii,generic
Dngfagbqjwni,generic
Dngfagfk6joi,generic
Dngfagoediii,generic
Dngfaodvz8ni,generic
Dngfas6frpii,generic
Dngfascimhei,generic
Dngfast3hahi,generic
Dngfasyd,generic
E036039d,generic
E05dc,generic
E06eba9a,generic
E09af6d,generic
E0ci3ee,generic
E0e2756c62d,generic
E13bd3ab45f,generic
E1c4dd,generic
E22aeacb,generic
E25de,generic
E275d,generic
E2967a84de,generic
E2bb42n5icj,generic
E2bb4tal0fj,generic
E2bb8bsenij,generic
E2bbufusshj,generic
E2d24fce,generic
E2d839c,generic
E2fbicb,generic
E36b76d,generic
E45af40d9d,generic
E4ade6db,generic
E4wbbonlihb,generic
E501f4a0f,generic
E5835982150d,generic
E58b9aa68dbf,generic
E6063f936c,generic
E673dde0c1d,generic
E6e3fc,generic
E6e6efd,generic
E78e16b,generic
E7fb6d,generic
E804e,generic
E80cadff,generic
E89625d,generic
E92f20b,generic
E9315c,generic
E9985430266c,generic
E9c7eb,generic
Ea0781aa,generic
EaQaugfwwfg,generic
Ea1490746d,generic
Ea2d1a,generic
Ea79e2e2eabb,generic
Eadd,generic
Eafh,generic
Eajcl,generic
Eatp,generic
Eawavdvhs9jin,generic
Eawavp1i51hin,generic
Eawavvitpnnin,generic
Eaxb,generic
Eb2auodj8cgi,generic
Eb2d2dc,generic
Eb2f34a,generic
Ebbi,generic
Ebet,generic
Ebf6f2fe,generic
EcObb4000cfi,generic
EcObbaf0segi,generic
EcObbcgpkxei,generic
Ec8bb0eewtoi,generic
Ecfe47ce,generic
Ecwbbmfujvoi,generic
EdQau0qfdke,generic
Ed4adae,generic
Ed4b912b,generic
Edab560626f,generic
Edbf,generic
Edilage,generic
Edpr,generic
Edru,generic
Ee2bbmfq3sdj,generic
Ee2bbun2hwgj,generic
Ee364fc,generic
Ee3bbu0op5cj,generic
Feat,generic
FebS8bbf,generic
Fech,generic
Fecn,generic
Fedi,generic
Fednu,generic
Fehl,generic
Feiad,generic
Feiyo,generic
Felicity,generic
Fendol,generic
Fengvi,generic
Ferrum,generic
Fezrv,generic
Ff0454c,generic
Ff1588c,generic
Ff3bbyo9ippj,generic
Ffamw,generic
Ffbcf175c,generic
Ffcfb,generic
Fffa,generic
Fffc,generic
Fffd,generic
Fffg,generic
Fffz,generic
Figg,generic
Ffgk,generic
Ffgl,generic
Figo,generic
Ffgp,generic
Ffgs,generic
Ffgz,generic
Ffhe,generic
Ffhh,generic
Ffis,generic
Ffit,generic
Ffiv,generic
Ffiw,generic
Ffjc,generic
Ffjh,generic
Ffkc,generic
Ffkt,generic
Ffkv,generic
Ffkx,generic
Ffle,generic
Ffli,generic
Fflo,generic
Ffls,generic
Ffmj,generic
Ffne,generic
Ffnh,generic
Ffnk,generic
Ffnm,generic
Ffnv,generic
Ffob,generic
Ffof,generic
Ffog,generic
Ffol,generic
Ffpa,generic
Ffpn,generic
Ffpo,generic
Ffps,generic
Ffpv,generic
Ffpx,generic
Ffpz,generic
Ffrj,generic
Ffsg,generic
Ffsh,generic
Ffsk,generic
Ffsp,generic
Ffsu,generic
Ffsv,generic
Ffsz,generic
Ffti,generic
Fftm,generic
Ffts,generic
Fftv,generic
Ffub,generic
Ffud,generic
Ffuf,generic
Ffug,generic
Ffui,generic
Ffuj,generic
Ffuk,generic
Ffum,generic
Ffuu,generic
Ffvb,generic
Ffvf,generic
Ffvi,generic
Ffvq,generic
Ffvs,generic
Ffvx,generic
Ffxf,generic
Ffxn,generic
Ffxs,generic
Ffxz,generic
Ffzy,generic
Fgab,generic
Fgafaw44qnm,generic
Fgah,generic
Fgai,generic
Fgas,generic
Fgbn,generic
Fgbo,generic
Fgbt,generic
Fgbu,generic
Fgce,generic
Fgdo,generic
Fgdu,generic
Fgdv,generic
Fgea,generic
Fgeq,generic
Fger,generic
Fges,generic
Fafa,generic
Feff,generic
Fe,generic
Fefm,generic
Feft,generic
Fefv,generic
Fegh,generic
Fegi,generic
Fag,generic
Feer,generic
Feha,generic
Fghb,generic
Fghj,generic
Fehk,generic
Fghl,generic
Fehm,generic
Fgia,generic
Fgib,generic
Fgim,generic
Fgip,generic
Fgje,generic
Feig,generic
Fajr,generic
Feka,generic
Fekg,generic
Fgkl,generic
Feko,generic
Fekq,generic
Fgkv,generic
Fekw,generic
Fgkx,generic
Fela,generic
Fglb,generic
Felj,generic
Fglk,generic
Fein,generic
Felp,generic
Fels,generic
Felv,generic
Fgix,generic
Faly,generic
Fglz,generic
Femi,generic
Fgmv,generic
Fgmy,generic
Fenf,generic
Genericrxab,generic
Genericrxac,generic
Genericrxae,generic
Genericrxaf,generic
Genericrxag,generic
Genericrxai,generic
Genericrxal,generic
Genericrxam,generic
Genericrxan,generic
Genericrxao,generic
Genericrxap,generic
Genericrxaq,generic
Genericrxas,generic
Genericrxat,generic
Genericrxau,generic
Genericrxav,generic
Genericrxaw,generic
Genericrxaz,generic
Genericrxba,generic
Genericrxbb,generic
Genericrxbc,generic
Genericrxbd,generic
Genericrxbe,generic
Genericrxbf,generic
Genericrxbg,generic
Genericrxbi,generic
Genericrxbm,generic
Genericrxbo,generic
Genericrxbp,generic
Genericrxbq,generic
Genericrxbr,generic
Genericrxbs,generic
Genericrxbt,generic
Genericrxbu,generic
Genericrxbw,generic
Genericrxbx,generic
Genericrxby,generic
Genericrxbz,generic
Genericrxca,generic
Genericrxcc,generic
Genericrxce,generic
Genericrxcf,generic
Genericrxcg,generic
Genericrxcj,generic
Genericrxck,generic
Genericrxcl,generic
Genericrxcp,generic
Genericrxcs,generic
Genericrxct,generic
Genericrxcv,generic
Genericrxcy,generic
Genericrxcz,generic
Genericrxda,generic
Genericrxdb,generic
Genericrxde,generic
Genericrxdf,generic
Genericrxdg,generic
Genericrxdi,generic
Genericrxdj,generic
Genericrxdm,generic
Genericrxdp,generic
Genericrxdq,generic
Genericrxdr,generic
Genericrxds,generic
Genericrxdu,generic
Genericrxdy,generic
Genericrxdw,generic
Genericrxdx,generic
Genericrxdz,generic
Genericrxeb,generic
Genericrxec,generic
Genericrxed,generic
Genericrxee,generic
Genericrxef,generic
Genericrxeh,generic
Genericrxei,generic
Genericrxej,generic
Genericrxek,generic
Genericrxel,generic
Genericrxem,generic
Genericrxen,generic
Genericrxeo,generic
Genericrxep,generic
Genericrxeq,generic
Genericrxer,generic
Genericrxes,generic
Genericrxet,generic
Genericrxeu,generic
Genericrxev,generic
Genericrxew,generic
Genericrxex,generic
Genericrxey,generic
Genericrxez,generic
Genericrxfa,generic
Genericrxfb,generic
Genericrxfd,generic
Genericrxff,generic
Genericrxfg,generic
Genericrxfh,generic
Genericrxfi,generic
Genericrxfj,generic
Genericrxfk,generic
Genericrxfl,generic
Genericrxfm,generic
Genericrxfn,generic
Genericrxfp,generic
Genericrxfq,generic
Genericrxfr,generic
Genericrxfu,generic
Genericrxfv,generic
Genericrxfw,generic
Genericrxfx,generic
Genericrxfy,generic
Genericrxfz,generic
Genericrxga,generic
Genericrxgb,generic
Genericrxgc,generic
Genericrxgd,generic
Genericrxge,generic
Genericrxgf,generic
Genericrxgg,generic
Genericrxgh,generic
Genericrxgi,generic
Genericrxgj,generic
Genericrxgk,generic
Genericrxgl,generic
Genericrxgm,generic
Genericrxgn,generic
Genericrxgo,generic
Genericrxgp,generic
Genericrxgq,generic
Genericrxgr,generic
Genericrxgs,generic
Genericrxgt,generic
Genericrxgu,generic
Genericrxgx,generic
Genericrxgy,generic
Genericrxgz,generic
Genericrxhb,generic
Genericrxhc,generic
Genericrxhd,generic
Genericrxhh,generic
Genericrxhi,generic
Genericrxhk,generic
Genericrxhl,generic
Genericrxhn,generic
Genericrxhs,generic
Genericrxht,generic
Genericrxhu,generic
Genericrxhw,generic
Gu0aaofnfgmi,generic
GuObaqnupffi,generic
Guardianeye,generic
Gubed,generic
Gudex,generic
Gudra,generic
Guess,generic
Gulzan,generic
Gunex,generic
Gvkdak47w8jb,generic
Gvuz,generic
Gwan,generic
Gwbaagnngab,generic
Gwwhasuze3m,generic
Gxyd,generic
Gyimface,generic
Gykw,generic
Gypq,generic
Gysad,generic
Gywbb8xsc0o,generic
Gywbrirjuckbc,generic
Gz0a4otvq9k,generic
GzOau0vhjrn,generic
Gz0au4zdrnpj,generic
GzOauag7vsdj,generic
Gz0augryapjj,generic
GzOaugyzrgkj,generic
GzOauozgkimj,generic
Gz0auqOn600j,generic
Gz0auwhltlp,generic
Ha15002e,generic
Ha2aumd5grii,generic
If2bb8k2b90j,generic
If2bbkkaw9jj,generic
If3bbspgdgaj,generic
IhOabyOkoomb,generic
li0auszukbh,generic
liadaOn33enb,generic
liweaw4z31g,generic
liwfagphksg,generic
liwfakdbylp,generic
lizarxc2xtdab,generic
Imgfaanjftc,generic
Imgfaieng9kj,generic
Imgfakdl6ldi,generic
Imgfb4vepmaj,generic
Imgfba6bcloj,generic
Imgfbanse3ij,generic
Imgfbarogjoj,generic
Imgfbc7qfrhj,generic
Imgfbgxkmmlj,generic
Imgfbihtadpj,generic
Kmgfayaetecj,generic
Kmgfbanqawaj,generic
Kmgfbiyyexdj,generic
Kmgfbkg9x5mj,generic
Kmgfbm6vgbgj,generic
Kmgfboxsnoij,generic
Kmgfbsaigihj,generic
Kmgfbwn4nscj,generic
Kmifa4gyw7ig,generic
Kmjfa0a48fd,generic
Kmkfa028cijb,generic
Kmkfa4j7b,generic
Kmkfaqpqt6dj,generic
Kmkfau,generic
Kmod,generic
Kmuaaapyemni,generic
Kmwfai6s9dfm,generic
Kmwfaugu9wim,generic
Knlfxw8zjaam,generic
Lptphw,generic
Lptpmgfba3bt4mab,generic
Lptpmgfbosovxhib,generic
Lptpmkfbwaufoiib,generic
Lptpmkfbwhaoujib,generic
Lptpngfbmzgeieib,generic
Lptqhw,generic
Lptqiwabeyaudbgb,generic
Lptqmgfb02rsmhac,generic
LptqmgfbOrnofeac,generic
Lptqmgfbing1slac,generic
Lptqmgfbiq2pviac,generic
Lptqmgfbobr2ueac,generic
LptqmgfbwfSssjib,generic
Lptrmgfbib,generic
Lptrpkfbsnx5fhqb,generic
LptsmgfbOzrtbkib,generic
Lptsmgfbgzrxrjib,generic
Lptsmgfboesomlib,generic
Lptsmgfbuhlocaib,generic
Lptsnkfbsvsjbmob,generic
Lptspkfb8cmmkhqb,generic
Lptumqabowd4ujob,generic
Lptviwfbov4fniab,generic
Lptwmgfb4z6n4iib,generic
Lptwnkfbg54b8pob,generic
Lptxmgfawzwdhdc,generic
LptxoObawu6w9mo,generic
Lptygz,generic
Lptymjfb48tmvnib,generic
MghoaDosg9gi,generic
Mqhoaa3wj2di,generic
Mqhoagdoywpi,generic
Mghoaubf3bki,generic
Mr5aaesopsc,generic
Mrcl,generic
Mrcn,generic
Mrcr,generic
Mrcs,generic
Mrda,generic
Mrdc,generic
Mrde,generic
Mrdg,generic
Mrdo,generic
Mrdp,generic
Mrdy,generic
Mreg,generic
Mrej,generic
Mrek,generic
Mresmon,generic
Mrev,generic
Mrew,generic
Mrey,generic
Mrfb,generic
Mrfn,generic
Mrfr,generic
Mrfv,generic
Mrgs,generic
Mrgt,generic
Mrgx,generic
Mrhf,generic
Mrhn,generic
Mrho,generic
Mrhp,generic
Mrhy,generic
Mrii,generic
Mrip,generic
Mrix,generic
Mrjd,generic
Mrjh,generic
Mrji,generic
Mrjk,generic
Mrjm,generic
Mrjq,generic
Mrjr,generic
Mrju,generic
Mrjv,generic
Mrjy,generic
Mrjz,generic
Mrkb,generic
Mrki,generic
Mrkq,generic
Mrmi,generic
Mrmj,generic
Mrng,generic
Mrny,generic
Mrob,generic
Mrof,generic
Mrov,generic
Mrow,generic
Mrpc,generic
Mrpg,generic
Mrpi,generic
Mrpj,generic
Mrpu,generic
Mrge,generic
Mrgr,generic
Mrqy,generic
Mrqz,generic
Mrra,generic
Mrrj,generic
Mrrk,generic
Mrsh,generic
Mrsi,generic
Mrsj,generic
Mrsn,generic
Mrsq,generic
Mrsw,generic
Mrsy,generic
Mrsz,generic
Mrtg,generic
Mrth,generic
Mrtk,generic
Mrts,generic
Mrtt,generic
Mrub,generic
Mruf,generic
Mruk,generic
Mrul,generic
Mrugq,generic
Mrut,generic
Mruw,generic
Mruy,generic
Mruz,generic
Mrvb,generic
Mrvc,generic
Mrvi,generic
Mryy,generic
Mrvn,generic
Mrvq,generic
Mrvs,generic
Mrvt,generic
Mrwe,generic
Mrwn,generic
Mrwqg,generic
Mrwr,generic
Mrws,generic
Mrwu,generic
Mrww,generic
Mrwx,generic
Mrxg,generic
Pmgfbsfesocj,generic
Pmgfrxibc8fic,generic
Pmifada4std,generic
Pmijfbfaijlk,generic
Pmjfbiu√©kyb,generic
Pmkfaiq2fij,generic
Smgfbulpapl,generic
Smgfr9qe8oloe,generic
Tmjfawwdjoel,generic
Tmifbqzsvsl,generic
Tmjfrd5efjooh,generic
Tmkfaeptwshi,generic
Tmkfassm5ocj,generic
Tmkffjcyp7ho,generic
Tmkfvwciipoi,generic
Tmmfbytingoi,generic
Tmnfritgsoak,generic
Uiwfacrrdypb,generic
Uiwfawletvnb,generic
Ujexq,generic
Ukgxx,generic
Umgfbeyu7ahj,generic
Umjfao2i9nl,generic
Umijfrl6y5kgim,generic
Vcybbwgxonmi,generic
Vd0auqpbhxki,generic
Woripecs,generic
Wpnfrlo2aockd,generic
Wprotmanager,generic
Wqta,generic
Wronginf,generic
Ws3arxepopoax,generic
Wtzahhuwofl,generic
Wudisable,generic
Wuftpd,generic
Wuji,generic
Wuwbbyusjhh,generic
Wyhymyz,generic
Wz0arbbqminby,generic
Wz0au4eelhn,generic
Wz0aumyrbi,generic
Wzybp,generic
X2000m,generic
X2km,generic
X3bcu6yu7db,generic
X97m,generic
Xa2auox3xkoi,generic
Xcnfe,generic
Xdhcas2wbpab,generic
Xdvsl,generic
Xdxmv,generic
Xegumumune,generic
Xejhd,generic
Xgsh4rm,generic
Xizfawwyz0ab,generic
Xkit,generic
Xkjdi,generic
Xmijfa0a48fd,generic
Xmkfaovgtvmi,generic
Xmicore,generic
Xmipars,generic
Xmlispan,generic
Xmlitask,generic
XmwfrxyxOmigd,generic
Xnjfhip39qgi,generic
Xnkfrnijiwdjf,generic
Xogfaowizgnbg,generic
Xoron,generic
Xowaa0oinbcg,generic
Xozbrhmiuifbz,generic
Xpaj,generic
Xpjfa0a48fd,generic
Xploder,generic
Xploit,generic
Xployt,generic
Xpmmap,generic
Xpun,generic
Xpyn,generic
Xqfif,generic
Xr0a441brxgb,generic
Xrlve,generic
Xrznj,generic
Xtob,generic
Xtwaviytagegn,generic
Xvdfu,generic
Xwxbbskyjlp,generic
Xx3bcu6yu7db,generic
Xxyqka,generic
Xylauncher,generic
XzOau4tc7vg,generic
XzOaus4t4zej,generic
Xzelq,generic
YOaua5csge,generic
Yoya7lhzw8i,generic
Yoyop,generic
Ypib,generic
Ypjfa0a48fd,generic
Yquaac1z87g,generic
Yttti,generic
YuObfSfgzrfi,generic
YuObfba,generic
YuObflnrd4ei,generic
YuObfncvkoji,generic
Yuanpay,generic
Ywarhz9vefah,generic
Yxdown,generic
YyOau8u0kefb,generic
Yyesr,generic
Yytri,generic
YzOazal4ljci,generic
ZOrbj,generic
Z3a4qxlobc,generic
Z7jfb,generic
ZaQauqkdxfpi,generic
Za3aas3naoki,generic
Zababa,generic
Zaccl,generic
Zack,generic
Zadved,generic
Zaka,generic
Zamg,generic
Zampol,generic
Zapis,generic
Zapka,generic
Zaraza,generic
Zard,generic
Zawet,generic
Zbiw,generic
Zboter,generic
Zcbhiv,generic
Zcfpe,generic
Zdlder,generic
Zebt,generic
Zedopoo,generic
Zedset,generic
Zeleffo,generic
Zema,generic
Zemsilf,generic
Zenlod,generic
Zenpack,generic
Zenpak,generic
Zepfod,generic
Zesibund,generic
Zf2bbccy99gj,generic
Zf2bbclbnwij,generic
Zf2bbibljsbj,generic
Zf3bbixzqlej,generic
Zfnaa,generic
Zgwcrpu6rhegh,generic
Zhelatin,generic
Zhidian,generic
Zhou,generic
Zhui,generic
Zicsl,generic
Zilix,generic
Zippyloader,generic
Ziqab4rv1zj,generic
Zmhfbc187dob,generic
Zmhfbgcfxlej,generic
Zmjfa0a48fd,generic
Zmijfacpvoopj,generic
Zmijfagimbdp,generic
Zmk98mvck,generic
Zmkfag4gtgl,generic
Zmkffduhnhbi,generic
Zmkfxkagpxpi,generic
Zmlfa4jutknb,generic
Zmutzy,generic
Znhfrby61leoh,generic
Znhfrxxvnofoh,generic
Zniu,generic
Znjfa0a48fd,generic
Znkfv9idawjbi,generic
Znsfw5crxxki,generic
Zofo,generic
Zogom,generic
Zolpiq,generic
Zonidel,generic
Zonie,generic
Zonobindi,generic
lockbit,new
emotet,new
trickbot,new
wannacry,new
notpetya,new
zeus,new
dridex,new
cryptolocker,new
ryuk,new
gandcrab,new
sodinokibi,new
maze,new
revil,new
doppelpaymer,new
cerber,new
darkside,new
conti,new
cobaltstrike,new
mirai,new
conficker,new
iloveyou,new
stuxnet,new
shamoon,new
blackenergy,new
duqu,new
flame,new
finfisher,new
finspy,new
carbanak,new
plugx,new
hancitor,new
qbot,new
zloader,new
agenttesla,new
formbook,new
nanocore,new
remcos,new
lokibot,new
kovter,new
ursnif,new
pony,new
azorult,new
glupteba,new
mimikatz,new
wannamine,new
coinminer,new
petya,new
badrabbit,new
samsam,new
wastedlocker,new
goldeneye,new
bluekeep,new
blackbasta,new
clop,new
gootkit,new
locky,new
cerberus,new
anubis,new
ghostrat,new
njrat,new
adwind,new
xloader,new
crysis,new
ransomexx,new
egregor,new
nefilim,new
ragnarlocker,new
thanos,new
valak,new
netwalker,new
bazarloader,new
qakbot,new
hades,new
vawtrak,new
megacortex,new
robbinhood,new
macransom,new
keranger,new
shlayer,new
jaff,new
necurs,new
agentbtz,new
wiper,new
coinhive,new
satan,new
torpig,new
shifu,new
nitol,new
andromeda,new
gameoverzeus,new
blackpos,new
irongate,new
triton,new
dragonfly,new
apt28,new
apt29,new
turla,new
darkhotel,new
lazarusgroup,new
redoctober,new
rovnix,new
shadowpad,new
sunburst,new
solarwindshack,new
fin11,new
carrotbat,new
icedid,new
oski,new
smokeloader,new
machete,new
zebrocy,new
oilrig,new
industroyer,new
wannaren,new
netsky,new
sobig,new
codered,new
slammer,new
blaster,new
sasser,new
mydoom,new
klez,new
nimda,new
bagle,new
cih,new
melissa,new
magister,new
sircam,new
sober,new
stormworm,new
zeuspanda,new
ramnit,new
tinba,new
spyeye,new
kelihos,new
upatre,new
vundo,new
agentsmith,new
chthonic,new
blackenergy,new
rakhni,new
scarab,new
hiddentear,new
virlock,new
bitpaymer,new
matrix,new
dharma,new
cobalt,new
rapid,new
shade,new
globeimposter,new
pwndlocker,new
prolock,new
medusalocker,new
avaddon,new
pay2key,new
suncrypt,new
cuba,new
mountlocker,new
babuk,new
thiefquest,new
evilquest,new
goldenspy,new
bluemockingbird,new
lemondduck,new
kinsing,new
lucifer,new
gozi,new
dyre,new
goznym,new
carberp,new
popcorntime,new
nemucod,new
slocker,new
spora,new
torrentlocker,new
rakhni,new
powerware,new
princesslocker,new
pylocky,new
satana,new
stampado,new
synack,new
xdata,new
zcryptor,new
apt1,new
apt3,new
apt10,new
apt12,new
apt17,new
apt18,new
apt19,new
apt32,new
apt33,new
apt34,new
apt35,new
apt37,new
apt38,new
apt39,new
apt41,new
cobaltgroup,new
fin4,new
fin6,new
fin7,new
sandworm,new
equationgroup,new
oceanlotus,new
nightdragon,new
hiddencobra,new
copykittens,new
deeppanda,new
winnti,new
naikon,new
pittytiger,new
scarcruft,new
seedworm,new
shadowbrokers,new
silencegroup,new
sofacy,new
stonepanda,new
teamtnt,new
thedukes,new
titanrain,new
volatilecedar,new
wickedpanda,new
wirte,new
equationdrug,new
doublepulsar,new
expetr,new
ghostcat,new
heartbleed,new
shellshock,new
drown,new
poodle,new
freak,new
stagefright,new
meltdown,new
spectre,new
krack,new
zombieload,new
magecart,new
evilnum,new
silentlibrarian,new
darkhydrus,new
muddywater,new
sunburst,new
solarwinds,new
hafnium,new
pulsesecure,new
trickboot,new
quantum,new
lockfile,new
macaw,new
avoslocker,new
charon,new
pysa,new
diavol,new
haron,new
karma,new
qlocker,new
sfile,new
xinglocker,new
rook,new
redalert,new
nokoyawa,new
lapsus$,new
snapmc,new
memento,new
phobos,new
akira,new
blackbyte,new
alphv,new
blackcat,new
yanluowang,new
ransomwareasaservice,new
alureon,new
bamital,new
beebone,new
bunitu,new
caphaw,new
kegotip,new
kronos,new
lurk,new
mebroot,new
shylock,new
simda,new
sinowal,new
smokeloader,new
sphinx,new
svpeng,new
tatanga,new
terdot,new
zotob,new
mahdi,new
gh0strat,new
poisonivy,new
sakula,new
prorat,new
xtremerat,new
blackshades,new
darkcomet,new
luminositylink,new
revengerat,new
betabot,new
emdivi,new
keybase,new
hupigon,new
gauss,new
miniduke,new
olympicdestroyer,new
regin,new
shadowhammer,new
eternalblue,new
doublelocker,new
filecoder,new
ghostcrypt,new
jigsaw,new
lechiffre,new
lockergoga,new
maktublocker,new
mischa,new
mobef,new
nozelesn,new
rensenware,new
simplelocker,new
cryptomix,new
blackrose,new
badblock,new
wannalocker,new
powerghost,new
anatova,new
nemty,new
ransomgod,new
virobotnet,new
zerocleare,new
badeagle,new
basbanke,new
bianlian,new
danabot,new
darkcrystalrat,new
deathransom,new
dunihi,new
ekans,new
elex,new
evilgrab,new
fakespy,new
flawedammyy,new
gamut,new
godzillaloader,new
gravityrat,new
helixkitten,new
hermeticwiper,new
htran,new
javali,new
jsworm,new
karmen,new
keyboy,new
kodelso,new
komprogo,new
kr00k,new
kukac,new
kwampirs,new
ladyboyle,new
lockpos,new
matryoshka,new
minipanzer,new
nanhaishu,new
netkey,new
nodersok,new
noreboot,new
notcompatible,new
nullmixer,new
okrum,new
onionduke,new
opfake,new
powerpool,new
predatorthethief,new
purplefox,new
raccoonstealer,new
rajab,new
ramdo,new
redaman,new
reveton,new
rietspoof,new
rombertik,new
rootnik,new
rowhammer,new
saintbot,new
sazoora,new
scarabey,new
sdbbot,new
sectoprat,new
servhelper,new
shakti,new
shaktitrojan,new
silencetrojan,new
skip,new
sodin,new
sorebrect,new
spambot,new
strongpity,new
ta505,new
thallium,new
timpdoor,new
trickster,new
uboatrat,new
varenyky,new
vegastealer,new
vikinghorde,new
vobfus,new
w32disttrack,new
waterbug,new
wellmess,new
wifiduck,new
xagent,new
xafecopy,new
yahoyah,new
zeusvm,new
zyklon,new
coffeeminer,new
hiddenbee,new
hiddenwasp,new
ironmarch,new
joker,new
loadpcbanker,new
moonbounce,new
mylobot,new
silex,new
simbad,new
sodinokibi,new
spideybot,new
windigo,new
babar,new
dacls,new
evilbunny,new
golddragon,new
invisimole,new
jhonerat,new
kimsuky,new
kiwimobile,new
macspy,new
miori,new
mispadu,new
mongolock,new
muzzle,new
neuron,new
nirjax,new
nrsminer,new
plead,new
pleaddownloader,new
poetrat,new
purplelambert,new
ramsay,new
riltok,new
satori,new
shadowgate,new
skidmap,new
sload,new
tajmahal,new
tropictrooper,new
vorasploit,new
waterminer,new
xhelper,new
xwo,new
yatron,new
zacinlo,new
tinytrojanhorse,new
babylonrat,new
cyberspionage,new
tordns,new
abyss,new
remnant,new
ghostpush,new
bowes,new
ciadbot,new
redline,new
sysjoker,new
clipbanker,new
acidrain,new
ddkeylogger,new
redlineinfostealer,new
osxkeydnap,new
osxfakeflash,new
osxmaliciousinstaller,new
osxfruitfly,new
osxkrackattack,new
osxmshelper,new
osxsofacy,new
osxcallme,new
osximuler,new
osxflashback,new
osxmawie,new
osxopinionspy,new
osxleap,new
osxminesteal,new
osxnetwire,new
osxportreuse,new
osxproton,new
osxsabpub,new
osxslackbot,new
osxwindtail,new
osxwirenet,new
osxyontoo,new
xcodeghost,new
wirelurker,new
triada,new
hiddad,new
xiny,new
bankbot,new
guloader,new
neurevt,new
zeroaccess,new
yakes,new
nbot,new
nymaim,new
tdl4,new
monerominer,new
smartbot,new
smominru,new
dorkbot,new
faceliker,new
cryptbot,new
quakbot,new
hawkeye,new
eda2,new
arkei,new
vidar,new
netwire,new
predator,new
gravityrat,new
sakula,new
hkit,new
mokes,new
chanitor,new
asprox,new
mewsei,new
redleaves,new
atmos,new
c0d0so0,new
briba,new
wannaeat,new
gapz,new
gaslamp,new
luabot,new
waledac,new
cutwail,new
feodo,new
pushdo,new
pykspa,new
kronos,new
ursnif,new
matousec,new
spartan,new
ccleanerhack,new
ccleanerbackdoor,new
mediyes,new
ecltys,new
tinypos,new
virut,new
sality,new
alina,new
fastpos,new
poscardstealer,new
vskimmer,new
dexter,new
malwarepos,new
proccesshacker,new
corebot,new
asruex,new
artemis,new
panda,new
mmdownload,new
magniber,new
wendy,new
cryakl,new
rekoobe,new
xnscaler,new
xtunnel,new
loudminer,new
xbash,new
marap,new
fallchill,new
ikeymonitor,new
bancos,new
banbra,new
banker,new
bankpatch,new
deloder,new
foretype,new
fruhat,new
ircbot,new
lmir,new
multibanker,new
papras,new
padodor,new
protonbot,new
rc2trojan,new
rilerat,new
sensode,new
sathurbot,new
usteal,new
wecorl,new
adoberdr,new
antiscan,new
backdoorbot,new
blackhole,new
boaxxe,new
bondat,new
bustede,new
cbeplay,new
comrade,new
cybergate,new
darkbot,new
darkshell,new
darktrack,new
cyberbot,new
fakems,new
fignotok,new
grakate,new
hdoor,new
heodo,new
hootloot,new
medfos,new
microfake,new
morcut,new
nabsid,new
netbus,new
nettraveler,new
nocturnalstealer,new
sytro,new
sysrat,new
t9000,new
terminator,new
tinyinstaller,new
vbflash,new
vilsel,new
vjworm,new
w32dloader,new
webmonitor,new
webmonitorrat,new
webworm,new
xtrat,new
zanubis,new
zodiac,new
zlob,new
anydesk,new
cloudmid,new
flubot,new
iceid,new
masterbootrecord,new
medusa,new
purplelambot,new
nerveagent,new
nuclearrat,new
palevo,new
spyevil,new
tvspy,new
darktequila,new
clown,new
dirtycow,new
slingshot,new
shurllocker,new
b0r0nt0k,new
nodejsminer,new
oldbug,new
mindlost,new
coinminerlinux,new
ibombshell,new
ysoserial,new
softcell,new
exobot,new
urpage,new
blackrouter,new
shurl0cker,new
swatbanker,new
silenttrinity,new
woodrat,new
telnetbot,new
greenflashsundown,new
lacework,new
nansh0u,new
megalodon,new
flint,new
bigboss,new
blackpink,new
babyshark,new
cider,new
snake,new
snakekeylogger,new
cryptowall,new
virusdoctor,new
coinvault,new
dircrypt,new
teslacrypt,new
teslaagent,new
hyperbro,new
ironman,new
driller,new
malumpos,new
eviltoss,new
bluebottle,new
surtr,new
miscrobackdoor,new
uboat,new
rabbit,new
getcrypt,new
stopdjvu,new
stopransomware,new
c0rpz,new
robotot,new
bandook,new
backspace,new
tinytrojan,new
remoteaccess,new
tbot,new
frutiyrat,new
sailinject,new
youtubeadblocker,new
proslikefan,new
seoulrat,new
moonwind,new
dropbook,new
clickbot,new
webcobra,new
molerats,new
mustangpanda,new
gerald,new
redlinestealer,new
darkleech,new
linkury,new
winvmxclient,new
braodrat,new
sakabota,new
icarus,new
typhonstealer,new
androidrat,new
fickerstealer,new
goldbrute,new
kandiru,new
ketrum,new
unruy,new
alkemade,new
aridviper,new
bankshot,new
coffeecryptonew,
cring,new
decaf,new
dexi,new
farfli,new
glueman,new
jrat,new
labyrinth,new
moreeggs,new
mudge,new
njworm,new
pincer,new
smoke,new
tavdig,new
tordal,new
usbferry,new
xscript,new
abcbot,new
baldr,new
bundlebot,new
coolrat,new
darkrat,new
darkspy,new
desertfalcon,new
disdainew,new
duststorm,new
fastflux,new
foudre,new
goldenrat,new
grandoreiro,new
greyenergy,new
hawkball,new
icefog,new
jackpos,new
kludge,new
lotusblossom,new
microsploit,new
miniasp,new
netspoof,new
ratankba,new
sefnit,new
shishiga,new
sigrun,new
strider,new
taskun,new
tldr,new
tusk,new
uppersilo,new
volgmer,new
warbird,new
wovano,new
zoxpng,new
zzzx,new
tycoon,new
blackkingdom,new
fuxsocy,new
hive,new
blackmatter,new
grifthorse,new
cchminer,new
bronzebutler,new
bronzeriverside,new
copperhedge,new
fin8,new
incontroller,new
keymarble,new
kobalos,new
lapissystem,new
mebromi,new
pandora,new
pwnpos,new
serket,new
smallpos,new
solarmarker,new
vsatap,new
wheedle,new
ghostemperor,new
arianarat,new
malwarefakeransom,new
